{"loss": [0.6039130091667175], "accuracy": [0.017219386994838715]}